Workbook

Sheet Portada
E6: Plan de prueba software OSPOS
E35: Integrantes: Esteban Gonzalez, Leonardo Jara, Matias Lemus

Sheet Control
B6: Casos | C6: OK | D6: =COUNTIF('Plan de prueba'!M2:M18,Control!C6) -> 17
C7: NOK | D7: =COUNTIF('Plan de prueba'!M2:M18,Control!C7) -> 0
C8: No ejecutado | D8: =COUNTIF('Plan de prueba'!M2:M323,C8) -> 0
C9: Bloqueado | D9: =COUNTIF('Plan de prueba'!M2:M18,C9) -> 0
C10: Obsoleto | D10: =COUNTIF('Plan de prueba'!M2:M323,C10) -> 0
B13: Total de casos | D13: =COUNTIF('Plan de prueba'!A2:A18,"*") -> 17
B14: % de avance | D14: =SUM(D6+D7+D9+D10)/D13 -> 1
B18: Total casos que ejecuto cada integrante del equipo | D18: Esteban González | F18: =COUNTIF('Plan de prueba'!$O$2:$O$74,D18) -> 11
D19: Matías Lemus | F19: =COUNTIF('Plan de prueba'!$O$2:$O$74,D19) -> 6
D20: Leonardo Jara | F20: =COUNTIF('Plan de prueba'!$O$2:$O$74,D20) -> 0
D23: Total Casos | F23: =SUM(F18:F21) -> 17

Sheet Plan de prueba
C1: ID | D1: Nombre de la prueba | E1: Tipo | F1: Resultado esperado | G1: Pre condicion | H1: Resultado obtenido | I1: Datos de prueba | J1: Modulo a probar | K1: Criterios de aceptacion | L1: Estrategia | M1: Resultado | N1: Candidato a automatizar | O1: Responsable ejecución
A2: MTC | B2: 10 | C2: =A2&"_00"&B2 -> MTC_0010 | D2: Validar el uso del código y herramientas de programación (test.py) | E2: Código | F2: Muestre error por un dato invalido | G2: Tener el código fuente | H2: Muestre un "OK" dentro de la consola de desarrollador, donde indique que el error ocurrió. | I2: usuario: "pruebaUsuario" , Contraseña: "12345", Rut:"Es el dato que falta para que nos arroje el resultado esperado", Company_name: "MiEmpresa", Sector: "Tecnología", Dirección:"Calle Ejemplo 123", País:"Chile", Ciudad:"Santiago", Télefono:" +569896512", apellido:"Pérez". | J2: Codigo test.py en registro de usuario | K2: Debe de dar un mensaje de "OK" corroborando cada dato utilizado en el código realizado | L2: Caja Negra | M2: OK | N2: SI | O2: Esteban González
A3: MTC | B3: 20 | C3: =A3&"_00"&B3 -> MTC_0020 | D3: Realizar prueba de registro exitoso en la plataforma | E3: Código | F3: Registro de cuenta exitoso | G3: Tener el código fuente | H3: La cuenta es creada exitosamente, dando como resultado un page de exito de registro de cuenta. | I3: Creating test database for alias ‘default’... System check identified no issues —------------------ Run 1 test in 1.307s ok | J3: Codigo forms.py | K3: El formulario de datos debe permitir crear la cuenta con los datos correctos | L3: Caja Negra | M3: OK | N3: SI | O3: Matías Lemus
A4: MTC | B4: 30 | C4: =A4&"_00"&B4 -> MTC_0030 | D4: Inicio de Sesión | E4: Funcional | F4: El sistema debe permitir ingresar al sistema | G4: Estar en la página de inicio de sesión y una cuenta ya registrada | H4: El sistema logró permitir una cuenta ya registrada para dar a inicio al uso de la plataforma. | I4: Usuario: "SimpleBurgercl", Contraseña: "Burger309-" | J4: Usuarios | K4: Los campos deben detectar cuando una contraseña no cumples las reglas establecidas | L4: Caja Negra | M4: OK | N4: SI | O4: Esteban González
A5: MTC | B5: 40 | C5: =A5&"_00"&B5 -> MTC_0040 | D5: Registro de Pyme/Distribuidor | E5: Funcional | F5: La Pyme/Distribuidor se registra perfectamente | G5: El usuario debe contar con datos validos de su empresa | H5: El sistema registró correctamente a la Pyme/Distribuidor, completando automáticamente los datos asociados al tipo de cuenta y mostrando un mensaje de confirmación de registro exitoso. | I5: Tipo de usuario: Distribuidor Usuario: SPdigital Contraseña: informac10n rut: 76799430-3 | J5: Usuarios | K5: El sistema crea correctamente la cuenta de Pyme o Distribuidor y rellena automáticamente los datos correspondientes al tipo de usuario. | L5: Caja Negra | M5: OK | N5: SI | O5: Matías Lemus
A6: MTC | B6: 50 | C6: =A6&"_00"&B6 -> MTC_0050 | D6: Añadir un producto al catalogo | E6: Funcional | F6: El sistema debe permitir el ingreso de productos propios a cualquier usuario | G6: Estar logueado, y estar en la página de "Añadir producto" | H6: El articulo se ingresa correctamente. | I6: casillas: Nombre del producto, categoría, descripción, precio, imagen (agregar una imagen) | J6: Feed | K6: La plataforma debe de mostrar todo lo que el usuario registro y debe ser visto por otros usuarios. | L6: Caja Negra | M6: OK | N6: SI | O6: Esteban González
A7: MTC | B7: 60 | C7: =A7&"_00"&B7 -> MTC_0060 | D7: Interacción entre usuarios | E7: Funcional | F7: El usuario contactado debe de llegarle un mensaje | G7: Estar logueado, tener 2 perfiles registrados y 2 navegadores para la prueba en tiempo real. | H7: Al usuario contactado le llega un mensaje | I7: Usuarios: "Estampamania" y "Sp Digital". Mensaje: una simple interacción | J7: Contacto | K7: Los usuarios deben poder ver el mensaje enviado y recibir una notificación. | L7: Caja Negra | M7: OK | N7: SI | O7: Esteban González
A8: MTC | B8: 70 | C8: =A8&"_00"&B8 -> MTC_0070 | D8: Notificación entrante al entrar una interacción | E8: Funcional | F8: El usuario debe de recibir un número en su campana de notificación | G8: Estar logueado, que otro usuario comience una conversación. | H8: La notificación es visible para el usuario. | I8: Usuarios: Cualquiera que esté registrado. Botón interactivo donde avisa la notifiación. | J8: Página | K8: El sistema debe permitir interactuar con la notificación mostrando detalles e ingreso al chat. | L8: Caja Negra | M8: OK | N8: SI | O8: Esteban González
A9: MTC | B9: 80 | C9: =A9&"_00"&B9 -> MTC_0080 | D9: Validación de empresa por API externa | E9: Funcional | F9: La plataforma debe permitir la visualización de la empresa por el rut ingresado validado por el SII | G9: El administrador debe estar ingresado a la plataforma y tener el rut que debe ser verificado. | H9: La API muestra explicitamente el rut, nombre de la empresa, donde reside. | I9: El rut del usuario a verificar:"76.799.430-3" | J9: Verificación de empresa | K9: El sistema debe arrojar la información completa, desde su rut, nobmre de la empresa para que sea aceptada en la plataforma. | L9: Caja Negra | M9: OK | N9: SI | O9: Esteban González
A10: MTC | B10: 90 | C10: =A10&"_00"&B10 -> MTC_0090 | D10: Cambiar datos de un producto | E10: Funcional | F10: La plataforma debe de poder refrescar los datos del producto modificado. | G10: Estar logueado y tener al menos un producto en el feed | H10: El producto muestra el nuevo cambio realizado por el usuario. | I10: Producto en el feed previamente, el dato a cambiar (precio) | J10: Feed | K10: El producto debe de mostrar el cambio realizado y que otros usuarios puedan observarlo. | L10: Caja Negra | M10: OK | N10: SI | O10: Esteban González
A11: MTC | B11: 100 | C11: =A11&"_00"&B11 -> MTC_00100 | D11: Visualizacion de ubicacion de distribuidores en un mapa | E11: Funcional | F11: El sistema muestra correctamente mediante una API la ubicacion del distribuidor. | G11: El usuario debe haber iniciado sesion en la plataforma y existir distribuidores con direcciones validas en la base de datos. | H11: El sistema cargo correctamente el mapa y mostro la direccion del local | I11: Usuario: Fruna_memories Dirección: Av. 5 de Abril 236 | J11: Visualizacion de mapa | K11: La plataforma muestra correctamente en el mapa la ubicacion del local registrado. | L11: Caja Negra | M11: OK | N11: SI | O11: Matías Lemus
A12: MTC | B12: 110 | C12: =A12&"_0"&B12 -> MTC_0110 | D12: Verificación de usuarios | E12: Funcional | F12: El sistema debe permitir enviar una solicitud para verificar el perfil de empresa | G12: El usuario debe de estar previamente registrado con datos validos para asi ser verificado | H12: Al enviar la solicitud, un moderador debe verificar que la empresa existe para asi dar el ticket de perfil verificado | I12: Representante Leonardo Alvarado Email: Fruna@gmail.com RUT: 84156500-2 | J12: Usuarios | K12: Se verifica exitosamente al usuario y permite el acceso a nuevas opciones | L12: Caja Negra | M12: OK | N12: SI | O12: Matías Lemus
A13: MTC | B13: 120 | C13: =A13&"_0"&B13 -> MTC_0120 | D13: Filtro de tipo de sector(Tecnología, Música, Textil, etc). | E13: Funcional | F13: La plataforma debe de mostrar solo el filtro ingresado por el usuario. | G13: Tener distintos usuarios con diferentes categorías de productos. | H13: El sistema solo arroja el filtro buscado | I13: Usuarios diferentes | J13: Usuarios | K13: Solo debe mostrar a los usuarios que suben ese tipo de productos especializados | L13: Caja Blanca | M13: OK | N13: SI | O13: Esteban González
A14: MTC | B14: 130 | C14: =A14&"_0"&B14 -> MTC_0130 | D14: Publicación por usuario | E14: Funcional | F14: La plataforma debe de mostrar la publicación realizada por el usuario | G14: Estar logueado, en el page de feed de usuario. | H14: El sistema permite la publicación del usuario en su feed y es visible por otros usuarios | I14: Un comentario que se quisiera realizar, y otros usuarios. | J14: Feed | K14: Otros usuarios deben de tener la posibilidad de ver dicha publicación entrando al perfil del usuario quien hizo la publicación | L14: Caja Negra | M14: OK | N14: SI | O14: Esteban González
A15: MTC | B15: 140 | C15: =A15&"_0"&B15 -> MTC_0140 | D15: Usuario comentando publicaciones ajenas | E15: Funcional | F15: El sistema debe permitir mensajes en publicaciones realizadas por otros usuarios | G15: Estar logueado, un usuario debió haber hecho una publicación en su feed antes. | H15: El usuario logro comentar con exito la publicación | I15: Usuarios diferentes:"Fruna_memories" y "Music_Store" | J15: Feed | K15: Todo comentario realizado debe ser visible por otros usuarios | L15: Caja Negra | M15: OK | N15: SI | O15: Esteban González
A16: MTC | B16: 150 | C16: =A16&"_0"&B16 -> MTC_0150 | D16: Prueba automatizada | E16: Funcional | F16: El sistema debe de permitir el registro de un usuario por selenium y aceptar el registro en un tiempo corto | G16: Tener Selenium y la plataforma a mano. | H16: El sistema permitió el registro con total exito | I16: Todo los espacios para rellenar dentro del registro de usuario | J16: Registro de usuario | K16: El sistema debe de aceptar el registro con un tiempo >4s | L16: Caja Negra | M16: OK | N16: SI | O16: Esteban González
A17: MTC | B17: 160 | C17: =A17&"_0"&B17 -> MTC_0160 | D17: Editar perfil completo | E17: Funcional | F17: El sistema permite al usuario modificar todos los campos del perfil, guradando correctamente los cambios realizados en la base de datos | G17: El usuario debe estar registrado e iniciar sesion en la plataforma | H17: Los cambios en el perfil se guardaron correctamente y se muestran actualizados en la interfaz del perfil de usuario | I17: Usuario:Gamers a modificar: Usuario:RetroGamers Producto/Servicio a reseñar: Mouse Gamer | J17: Uusarios | K17: Elsistema actualiza correctamente los datos modificados por el usuario y los muestra de manera inmediata en la plataforma | L17: Caja Negra | M17: OK | N17: SI | O17: Matías Lemus
A18: MTC | B18: 170 | C18: =A18&"_0"&B18 -> MTC_0170 | D18: Realizar reseñas | E18: Funcional | F18: La plataforma permite a los usuarios dejar una reseña, guarda correctamente la calificacion y el comentario | G18: El usuario debe de estar registrado e iniciado sesion, deben de haber productos publicados, pymes o Distribuidores para poder dejar la reseña | H18: La reseña y calificacion se guardan correctamente | I18: Usuario:RetroGamers Producto/Servicio a reseñar: Mouse Gamer Calificación: 4 estrellas Comentario: “Producto de buena calidad y entrega rápida.” | J18: Reseñas y calificaciones | K18: El sistema registra y muestra correctamente la reseña del usuario, asegurando que la calificacion y el comentario estém asociados al producto o distribuidor | L18: Caja Negra | M18: OK | N18: SI | O18: Matías Lemus
A19: MTC | B19: 180 | E19: Funcional | L19: Caja Negra | M19: OK | N19: SI
A20: MTC | B20: 190 | E20: Funcional | L20: Caja Negra | M20: OK | N20: SI
A21: MTC | B21: 200 | E21: Funcional | L21: Caja Negra | M21: OK | N21: SI
A22: MTC | B22: 210 | E22: Funcional | L22: Caja Negra | M22: OK | N22: SI
A23: MTC | B23: 220 | E23: Funcional | L23: Caja Negra | M23: OK | N23: SI
A24: MTC | B24: 230 | E24: Funcional | L24: Caja Negra | M24: OK | N24: SI
A25: MTC | B25: 240 | E25: Funcional | L25: Caja Negra | M25: OK | N25: SI
A26: MTC | B26: 250 | E26: Funcional | L26: Caja Negra | M26: OK | N26: SI
A27: MTC | B27: 260 | E27: Funcional | L27: Caja Blanca | M27: OK | N27: SI
A28: MTC | B28: 270 | E28: Funcional | L28: Caja Negra | M28: OK | N28: SI
A29: MTC | B29: 280 | E29: Funcional | L29: Caja Negra | M29: OK | N29: SI
A30: MTC | B30: 290 | E30: Funcional | L30: Caja Negra | M30: OK | N30: SI
... A74: MTC | B74: 730 | E74: Funcional | L74: Caja Negra | M74: OK | N74: SI

Sheet Datos
A1: Funcional | B1: Caja Negra
A2: No Funcional | B2: Caja Blanca
A3: Completar | B3: Hibrido

Sheet Datos del plan
A1: Funcional | B1: OK | C1: Baja | D1: SI
A2: No Funcional | B2: NOK | C2: Media | D2: NO
A3: UAT | B3: No ejecutado | C3: Alta
A4: Código | B4: Bloqueado
A5: End to End | B5: Obsoleto
A6: Stress
A7: Rendimiento
A8: Carga
